x,y,z,x0,y0,z0
0.01783304,-0.0014707,-0.00059,-3.70E-05,0.001644025,-0.001394
0.0244302,-0.0379175,-7.00E-05,-4.30E-05,-0.002898834,-0.0007936
-0.0318045,0.0271317,-0.00022,-1.00E-06,0.003190733,0.0012993
-0.0062736,0.0039064,0.00104,-5.10E-05,-4.57E-05,-0.0007625
0.0459026,0.0023633,-0.00095,-0.000103,-0.00203183,-0.0020692
-0.0621679,-0.012011,-0.0001,9.90E-05,-0.00052856,0.0033345
0.0082439,0.0198204,0.00092,1.00E-06,-0.00034834,0.0003563
-0.0342841,0.017814,-0.00364,2.00E-05,0.00292668,0.000855
0.027167,-0.02693,0.00306,1.50E-05,-0.00280273,0.0002622
-0.020928,0.004188,-0.00118,6.00E-05,-0.002883382,0.0011032
0.009203,0.006749,-0.0002,-6.10E-05,0.002735881,-0.0008783
0.003296,-0.007337,-0.0036,2.50E-05,-0.001441436,0.0005802
-0.001802,-0.019267,0.0074,-4.30E-05,0.005212311,-0.0007866
0.001483,0.009845,0.0074,6.40E-05,-0.001966477,0.0011936
-0.000778,-0.008636,0.0107,-0.000133,0.000830944,-0.0019559
-0.023745,0.008484,0.0088,0.000177,-0.00056605,0.002761
0.011506,-0.006387,0.0106,-8.60E-05,-0.00335608,-0.0013956
-0.003572,0.00219,0.0042,1.40E-05,0.00236468,0.0003356
-0.005362,0.001945,0.0066,8.10E-05,-0.00058343,0.0011458
-0.002163,0.017032,0.002,-0.000127,-0.001951062,-0.0017261
-0.011648,-0.021629,0.0022,0.00016,0.001209834,0.0022147
0.01487,-0.001017,0.0114,2.40E-05,0.001210118,0.0003239
-0.006166,0.017952,0.0074,-3.30E-05,0.00032746,-0.000466
0.00153,-0.004816,0.0012,5.80E-05,-0.00079327,0.0008082
0.00223,0.014721,0.0069,0.000133,-0.00029151,0.0018638
0.01248,0.000297,0.0038,-0.000136,-0.0021582,-0.0017436
-0.00473,-0.0068,0.0022,6.80E-05,0.00257075,0.000875
0.01342,0.003561,0.0047,-9.40E-05,0.00110605,-0.0014389
-0.03788,0.008348,0.0039,5.90E-05,-0.00326903,0.0011325
0.07341,-0.022306,0.0139,-8.60E-05,0.00020707,-0.0012134
-0.02163,-0.015083,0.0062,-2.90E-05,0.00239338,-0.0007178
-0.04037,0.020968,0.0018,-1.70E-05,-0.00332174,0.0002539
0.02368,-0.006461,0.0013,-0.000109,-0.00353334,-0.0005744
0.00217,0.003522,0.0002,5.00E-05,0.0064264,-0.0006663
-0.02654,-0.013298,0.0032,8.00E-06,0.000529,1.12E-05
-0.00868,0.01827,0.0272,-1.10E-05,0.00153,-0.0004715
0.01329,-0.010921,0.0481,-5.00E-06,-0.0030011,0.0006823
-0.01961,0.008049,-0.0173,0.000137,0.0060869,0.0005618
-0.00106,0.019117,0.0019,-0.00017,-0.0079113,-0.0006585
0.04745,-0.035254,-0.0086,8.50E-05,0.0066528,-8.17E-05
-0.00869,-0.011627,0.002,4.80E-05,-0.0035331,0.0012388
-0.06161,0.038007,-0.0166,0.000115,0.00508977,0.0008453
0.03066,-0.002901,0.002,-0.000105,-0.00594279,-0.0006193
0.00246,-0.012618,-0.0121,1.80E-05,0.00095013,0.0001286
0.00283,-0.007165,-0.0046,-5.70E-05,0.00136872,-0.0008219
0.00322,0.014643,-0.0038,-5.80E-05,-0.00179217,-0.0005653
0.01967,0.028369,-0.0009,-4.80E-05,-0.00214535,-0.0003713
0.00391,-0.037265,-0.0037,7.00E-06,0.00326182,-0.0001649
-0.03953,0.014278,-0.0114,0.000117,0.00138029,0.0013147
-0.00771,-0.0124,-0.0095,7.00E-06,-0.0001979,0.0001559
-0.02749,0.000649,0.0008,0.000116,-0.00116625,0.0014225
0.0263,0.009818,0.0023,-8.40E-05,-0.00222369,-0.0009009
0.03314,-0.008576,-0.0017,-4.90E-05,-0.00057876,-0.0005326
-0.00407,0.02522,-0.0068,-0.000146,-0.00213872,-0.0014338
-0.02959,-0.022266,-0.0098,0.000239,0.0025216,0.0025944
0.02741,-0.004838,0.0028,-9.10E-05,-0.0016935,-0.0007547
-0.00774,0.008179,-0.0054,1.10E-05,0.0040603,-0.0004765
-0.00028,-0.023363,0.003,-3.20E-05,-0.0030583,0.0001266
0.01917,0.030184,0.0015,-0.000161,0.0010642,-0.0019488
-0.03761,-0.011703,-0.013,0.000258,0.004135,0.0021892
0.03854,0.001197,-0.0074,-0.000187,-0.0015065,-0.0017637
-0.01177,0.010283,-0.0172,-2.50E-05,0.0004055,-0.0002458
-0.00215,-0.016947,-0.0101,9.70E-05,0.00083366,0.0010303
-0.02171,-0.000717,-0.0058,3.30E-05,0.00281789,0.0003432
-0.02252,0.029438,-0.0151,6.00E-06,-0.003679607,0.0003077
0.03521,-0.033982,-0.0118,-6.80E-05,0.002003314,-0.0005837
0.00106,0.02692,-0.0139,-4.40E-05,-0.004282177,-0.0005441
-0.01398,-0.001986,-0.0152,4.10E-05,0.0021236,0.0005325
-0.01671,-0.000677,-0.0143,4.60E-05,-0.00135734,0.0004089
0.03502,0.00468,-0.0102,-8.20E-05,-0.00124374,-0.0008664
-0.00263,-0.012423,-0.0126,6.00E-05,0.00125083,0.000663
-0.01389,0.004157,-0.0136,-4.30E-05,0.00238847,-0.000241
0.01435,0.001655,-0.009,-0.000145,-0.00228888,-0.001494
-0.13058,0.047247,-0.0448,0.000536,0.00210902,0.005279
0.11352,-0.044889,0.0021,-0.000312,0.00149776,-0.00269
-0.01226,0.004721,-0.0247,5.20E-05,-0.0035697,6.60E-05
0.01213,-0.033295,-0.0168,-7.30E-05,-0.0018192,-0.000971
0.09546,0.022358,-0.0101,-0.000285,0.0017135,-0.002394
-0.13328,0.011366,-0.0327,0.000428,0.0015634,0.004217
0.06824,-0.023764,-0.0097,-0.000204,-0.0018067,-0.002143
-0.00456,-0.004181,-0.0267,7.90E-05,-0.0018487,0.000459
0.01741,0.010659,-0.0178,0.000147,-0.00663856,0.000743
-0.00922,-0.018312,-0.019,5.60E-05,0.00423027,0.001173
0.00832,0.008202,-0.0112,0.000158,0.00685098,0.001808
-0.01206,0.005843,-0.0131,0.0001,0.00167287,0.001293
0.0345,-0.00239,-0.0125,7.10E-05,-0.00555524,0.000457
-0.01006,0.008834,-0.0135,9.50E-05,-0.00257623,0.0011053
0.01478,-0.008094,-0.0112,0.000146,-0.000901496,0.0023112
0.00246,0.007326,-0.0191,8.40E-05,0.008121902,0.0023816
0.03449,0.004968,-0.0098,8.10E-05,0.001313964,0.003615
-0.02866,0.005501,-0.0145,-7.20E-05,-7.92E-05,0.0036474
0.05415,-0.028252,-0.0145,-0.000183,-0.00695034,0.00243
-0.01586,0.023099,-0.013,-0.000421,-0.00153811,0.00573271
0.01784,0.029518,-0.007,-0.000816,0.00322557,0.00327998
-0.01011,-0.031539,-0.0035,-0.001269,4.57E-05,0.00607291
0.03073,-0.005489,-0.0151,-0.001694,0.00031054,0.0040174
0.04138,0.006135,-0.0061,-0.001809,-0.00014233,0.0015555
-0.01291,-0.004997,-0.0044,-0.002959,-0.00096023,0.006215
0.04586,-0.001464,-0.0312,-0.002911,0.00302625,0.002117
0.02423,-0.002199,-0.005,-0.003879,-0.00239287,0.003941
0.03301,0.012478,-0.0366,-0.003844,9.56E-05,0.001549
0.01676,-0.01173,-0.0023,-0.004522,0.00123842,0.001882
0.01023,0.011358,-0.0134,-0.005351,-0.00114287,0.002118
0.01703,-0.007011,-0.0342,-0.004337,-0.00237451,-0.001084
0.0237,0.009664,-0.0079,-0.003649,0.0021258,-0.002494
0.00541,-0.00154,-0.0235,-0.003212,5.00E-05,-0.002996
0.029,-0.007358,-0.0089,-0.00284,0.00349745,-0.003287
0.03273,0.020076,-0.05,0.000525,-0.00603842,-0.006253
-0.00267,-0.006927,-0.0094,-0.003589,-0.00060888,-0.001705
0.02329,-0.008387,-0.0324,0.000541,-0.00112233,-0.005118
-0.0139,-0.00424,0.0064,-0.001025,0.00803792,-0.00327
0.00813,0.001211,0.0046,-0.001688,0.00109714,-0.002737
0.02232,-0.019705,-0.0494,0.003397,-0.0014621,-0.00533
-0.00851,0.026056,0.0111,0.001273,-0.00971473,-0.003417
0.03169,-0.000646,-0.0634,0.004303,-0.00698842,-0.004384
-0.00986,0.024547,0.0249,0.004028,0.00793355,-0.003332
-0.001004,-0.011963,0.0062,0.001929,0.007529,-0.00193
0.006741,-0.031933,-0.0141,0.003387,0.01061063,-0.002078
0.007035,0.011089,-0.0061,0.002331,-0.00724198,-0.001761
0.015718,-0.011162,-0.0276,0.00255,-0.00544413,-0.001453
0.011855,0.004611,-0.0474,0.003524,-0.00630832,-0.00145
0.010325,0.026163,0.0336,0.001169,0.0007127,-0.000737
0.00458,0.004002,0.0063,0.000742,0.0053661,-0.00047
0.01966,-0.004373,0.0109,0.001396,0.0042703,-0.000521
0.0189,-0.014178,-0.0037,0.002181,-0.0006264,-0.000639
0.0088,-0.002187,-0.0146,0.001333,-0.0019366,-0.000441
0.01315,0.00045,-0.0083,0.0009191,-0.0021401,-0.000335
0.0109,0.000113,-0.0068,0.0019601,-0.001998,-0.000394
0.01695,0.006157,-0.0007,0.0015164,-5.73E-05,-0.000267
0.01582,0.00946,-0.008,0.0024366,0.0014268,-0.000253
0.01547,-0.016768,0.0064,0.002205,0.0006182,-0.00019
0.01736,0.015491,0.0079,-0.0005039,0.0006642,1.30E-05
0.02009,0.0048,-0.0009,-0.0008025,0.0009431,2.70E-05
0.0191,-0.010541,0.0034,0.0022126,-0.0031477,-0.000226
0.01625,0.006356,-0.0015,0.0011693,0.0013413,-4.20E-05
0.02155,-0.018513,-0.0424,0.0012054,0.0009503,-3.70E-05
0.01404,0.021684,0.0407,-0.0004902,-0.0009719,-1.30E-05
0.01958,0.001653,-0.014,0.0017703,-0.0029388,-0.00017
0.01227,0.013748,-0.0167,0.0021451,0.0005258,-8.10E-05
0.0208,-0.009694,0.0267,0.0013136,0.0007629,-3.90E-05
0.0156,0.007227,0.0037,0.0011266,0.0001158,-6.10E-05
0.0164,0.004581,-0.0254,0.0011831,0.0025088,3.30E-05
0.0186,0.01665,0.0219,-8.48E-05,0.0003272,-5.00E-06
0.0139,-0.023292,0.0004,-0.0002889,-0.0006408,-3.30E-05
0.0024,0.011675,0.1138,-0.0021167,0.0026689,0.000229
0.02,-0.00031,-0.1025,0.0036231,-0.0019083,-0.000326
-0.0003,-0.006931,0.0812,-0.0042007,0.002592,0.000372
0.011,-0.026248,-0.0779,0.0020007,-0.000486,-0.000172
0.0016,0.026062,0.037,-0.0025667,0.0023775,0.000257
0.0077,-0.004892,-0.0272,-0.0008326,-0.0021356,-2.30E-05
0.0036,-0.02619,0.0121,-0.0007165,0.0001787,5.30E-05
-0.0005,0.030347,0.0051,0.0010226,-0.0015796,-0.000125
-0.0005,-0.011299,-0.0059,-0.0006992,-0.0029399,-3.20E-05
-0.0004,-0.010503,0.01,-0.0010513,0.004441,0.000205
-0.0031,-0.003605,0.0109,0.0002644,0.0007934,-8.00E-06
-0.0004,0.007952,-0.0334,0.0017456,8.30E-06,-0.000136
-0.0026,-0.002611,0.0144,-0.002394,-0.0007694,0.000148
0,-0.010174,0.0103,-0.0016309,0.0018738,0.000134
-0.0002,-0.0083,-0.0168,-0.0006538,-0.0012344,1.00E-06
-0.0012,0.025885,0.0298,-0.0039079,-0.00129865,0.000196
0.0025,-0.03223,-0.0326,0.0006765,0.00243429,-8.30E-05
-0.0033,0.006786,-0.0288,0.0002948,-0.00512466,-9.50E-05
-0.0059,-0.008346,0.0068,-0.0026304,0.00314426,6.20E-05
0.0005,0.009413,-0.0448,0.000395,-0.00218091,-0.000108
-0.0049,-0.008611,0.0467,-0.0022293,0.00060478,-4.60E-05
-0.0043,0.018007,-0.0316,0.00061623,0.00016479,-0.000127
-0.0006,-0.010177,-0.0345,9.89E-05,-0.00189486,-0.000115
-0.0058,-0.00045,-0.0144,0.00029713,-0.00042923,-0.000107
-0.0064,0.003522,0.0118,-0.0005635,0.00076136,-0.000119
-0.0036,0.010889,0.0089,-0.0014656,0.00140235,-0.000166
-0.0075,-0.012821,-0.0186,0.0016499,-0.0014394,-7.10E-05
-0.0075,0.010367,0.0066,0.0005199,-0.00016887,-8.20E-05
-0.0097,-0.015328,-0.0395,0.0008334,-1.52E-05,-4.30E-05
-0.0074,0.014018,0.0005,0.0005455,0.00040919,-4.00E-05
-0.0061,0.001413,0.0095,-0.0001863,0.00037567,-8.90E-05
-0.0093,-0.003356,-0.0181,0.0015142,-0.00054483,6.20E-05
-0.0096,-0.007339,-0.0055,0.0022797,-0.00240987,0.000152
-0.0045,-0.003815,0.013,0.0009119,0.00074242,7.10E-05
-0.0134,0.012489,-0.0126,0.001058,0.0019476,0.000122
-0.0145,-0.008467,0.0075,0.00168,-0.000567,0.000167
-0.0219,0.004849,-0.056,0.002281,-7.28E-05,0.000246
-0.0079,0.00377,0.0697,-0.000337,0.0006508,-2.70E-05
-0.0206,0.005843,-0.0321,0.002969,-0.0017426,0.000282
-0.0154,-0.019097,0.0303,0.0017735,0.0018883,0.000199
-0.0173,0.012621,0.0241,0.0024288,0.0012048,0.000219
-0.0191,0.001434,0.0174,0.0032027,-0.0005471,0.000191
-0.0209,0.016416,0.0444,0.0008011,-0.0004295,-7.30E-05
-0.0204,-0.019113,-0.0439,0.0058879,0.0010256,0.000196
-0.0075,0.002184,0.0132,0.004196,-0.0002712,-0.000186
-0.0083,0.01281,0.0291,0.00263241,-0.0009146,-0.000477
-0.008,-0.016129,0.0477,0.00136918,0.0002265,-0.00062
-0.0023,0.018335,0.0211,0.00491481,0.000494,-0.000904
0.0023,-0.032404,-0.0402,0.0085237,-0.0018556,-0.001722
-0.0117,0.009455,0.0311,0.0035005,0.0017198,-0.001999
-0.0082,0.014541,0.0405,0.0025924,0.001346,-0.002327
-0.0164,-0.015367,0.0616,-0.000545,0.0012038,-0.002021
-0.0263,0.00249,0.014,0.003872,9.05E-05,-0.003266
-0.0023,-0.002914,0.0099,0.005033,-0.00384822,-0.004425
-0.0808,-0.008562,0.1163,-0.001696,-0.00335474,-0.002768
0.0228,-0.010179,-0.0796,0.008571,0.0010083,-0.007555
-0.018,0.029451,0.0522,-0.003341,0.0008421,-0.00315
-0.0203,-0.009985,-0.0136,0.001416,0.0025286,-0.005912
-0.0087,-0.01375,0.043,-0.002539,-0.0001193,-0.004036
-0.0181,0.031343,0.0171,-0.00279,-0.0019014,-0.003941
-0.0437,-0.012158,0.0074,-0.004039,-0.0009907,-0.002757
-0.0141,-0.022256,0.0414,-0.003313,-0.0009812,-0.0033
-0.0364,0.027738,0.0244,-0.004511,0.0029088,-0.00158
-0.0122,0.025192,-0.0181,-0.004128,0.0054066,-0.001466
-0.0279,-0.027509,0.0421,-0.005478,-0.0041103,0.000886
-0.0608,-0.000873,0.0237,-0.005597,0.0052646,0.003111
0.0244,-0.004635,-0.0209,-0.005118,-0.0015004,0.003882
-0.0243,0.014055,0.0296,-0.005028,0.00376851,0.006204
-0.0168,-0.0002,-0.0072,-0.003482,-0.002563931,0.00449
0.0011,0.000286,0.0124,-0.002664,-0.002393359,0.004004
0.0174,0.010993,-0.0044,-0.003514,-0.009587491,0.008814
-0.0206,-0.015872,0.0098,-0.002264,0.00410492,0.006587
-0.0058,-0.003594,0.013,-0.000593,0.00700073,0.001452
-0.006,0.007849,0.0123,-0.001267,0.00108178,0.00437
0.0029,0.001966,0.0072,-0.00107,0.00253161,0.003957
-0.0151,-0.004012,0.0136,-0.000691,-0.00371507,0.002897
0.0344,-0.004804,0.002,-0.00031,-0.0045415,0.00163
-0.0016,0.00159,0.012,-0.000775,-0.0026819,0.003561
0.0204,0.001486,0.003,-0.000479,-0.0009339,0.002024
-0.0385,-0.007447,0.022,-7.70E-05,0.0049753,-1.90E-05
0.0478,0.004805,0.009,3.00E-05,0.0042435,-0.00048
-0.0146,-0.008492,0.017,-0.000531,-0.0019949,0.002097
0.0026,-0.001505,0.013,0.000488,-0.0061828,-0.001591
0.0462,-0.0026,-0.002,0.000361,-0.0013381,-0.001423
-0.0665,0.016953,0.031,-0.000704,0.0040336,0.002372
0.0696,-0.010117,-0.011,0.000871,-0.00629031,-0.003089
-0.0144,-0.003675,0.013,0.000488,0.00393999,-0.002027
0.0051,0.015698,0.003,0.000232,-0.00033593,-0.00088
-0.0041,-0.006718,0.014,0.000104,0.0033655,-0.000437
-0.0055,-0.002693,0.017,0.000362,0.0016783,-0.001389
0.0096,0.001703,0.018,0.000185,-0.00359243,-0.000675
-0.0142,0.004796,0.021,-0.000619,-0.00097106,0.002349
-0.0018,-0.005669,0.01,0.000431,0.00469385,-0.001718
0.0189,0.010293,0,-8.00E-05,0.00060916,0.000244
-0.0246,0.002987,0.011,-0.000149,0.00198165,0.000441
0.0312,-0.002685,0.005,0.000761,-0.00593972,-0.002806
-0.0163,-0.008894,0.017,-0.000164,-0.00141971,0.000641
0.0182,-0.012856,0.012,-4.00E-06,0.00076663,-9.90E-05
-0.0015,0.008886,0.009,-8.30E-05,-0.00252215,0.00032
-0.0083,0.007369,0.016,-0.000435,0.0027153,0.00172
0.0076,0.00605,0.018,-6.00E-05,-0.00305479,0.000228
-0.0067,-0.008774,0.002,-0.000311,-0.00052948,0.001226
0.0224,0.003772,0.004,0.00018,0.00614432,-0.000646
-0.0248,-0.008126,0.004,-0.000394,0.004611764,0.001735
-0.0362,0.017316,0.013,-9.40E-05,-0.000077148,0.000258
0.0037,-0.003533,0.005,-0.000172,0.002497194,0.000444
-0.0087,-0.002768,0.008,-0.00067,-0.00206803,0.002712
0.0409,-0.01196,-0.002,0.000331,-0.0037955,-0.001205
-0.0189,0.022044,0.003,-0.000258,-0.0014514,0.001142
0.0352,-0.021972,-0.005,0.000498,-0.0024071,-0.001834
0.0342,-0.000458,0.009,0.000443,-0.003597,-0.001522
0.0175,-0.014464,-0.013,0.000163,-0.00263068,-0.000639
0.0057,0.006623,-0.004,6.90E-05,0.00609581,-0.000652
-0.0989,0.013641,0.028,-0.001203,0.00640352,0.004549
0.0562,0.003717,-0.012,0.000775,-0.00214945,-0.003056
-0.0241,-0.027536,2.84E-14,-0.00014,0.0015474,0.000401
0.0321,0.018956,-0.031,0.000297,-0.0065936,-0.00069
-0.0239,-0.014863,-0.004,0.000229,-0.00501817,-0.000671
0.0006,-0.000538,0.002,-2.60E-05,0.00263632,-0.000158
-0.0009,0.007877,0.015,6.70E-05,0.00383453,-0.000395
0.0424,0.003888,0.006,0.000593,-0.00160261,-0.002343
-0.0368,0.007186,0.001,-0.000533,0.00173728,0.002077
-0.0218,0.008883,-0.024,-0.000115,0.002995,0.000437
0.0072,0.006917,-0.016,0.000226,0.00333256,-0.001033
-0.0173,-0.006621,0.008,-0.000243,-0.00734294,0.001176
0.0306,-0.01852,-2.84E-14,0.000416,-0.00242873,-0.001674
-0.0214,-0.00504,0.008,5.60E-05,0.00397454,-0.000333
0.0365,0.014244,-0.021,0.000925,-0.001234444,-0.003918
-0.0213,-0.002197,0.002,-0.000297,0.001641278,0.001095
-0.0318,-0.005799,0.021,-0.000627,0.005601856,0.002552
-0.0071,0.005284,-0.028,-0.000222,0.00011688,0.000804
0.0323,0.005212,0.011,-7.00E-06,-0.00345365,0.000123
-0.0107,-0.001239,0.002,0.000213,-0.0046009,-0.000686
-0.0224,0.004311,-0.001,-0.000316,0.0009933,0.001345
0.0252,-0.014091,-0.01,0.000395,-0.00107161,-0.001781
0.0055,0.001677,-0.008,0.000603,-0.00369991,-0.00283
-0.043,0.007,0.016,-0.000185,0.003193366,0.000577
0.0114,-0.015186,0.004,0.000226,0.001583993,-0.001314
0.0085,0.026647,0.001,-7.20E-05,0.001146803,0.000147
-0.0183,-0.011046,0.002,-0.000525,-0.001471659,0.002597
-0.0683,0.021827,0.003,-0.000154,0.008710087,0.000713
0.0535,-0.024581,-0.016,0.000295,-0.00491949,-0.001715
-0.0203,-0.007676,-0.001,0.00025,-0.00365264,-0.001436
0.0205,0.014642,0.005,-6.00E-06,-0.00258162,-0.000157
0.0314,-0.009887,0.004,0.000401,0.00314511,-0.002894
-0.0574,0.005255,0.017,-0.000331,0.0070099,0.001453
0.0132,-0.011802,-0.007,9.50E-05,-0.00255868,-0.001167
-0.0943,0.004175,0.003,-0.000284,0.00017715,0.001433
0.0662,-0.016797,-0.001,0.000229,-0.0054976,-0.001726
-0.0014,0.020762,0.007,-0.000245,0.0027256,0.001061
-0.0108,-0.01194,0.006,-0.000101,0.0019263,1.60E-05
0.0264,0.021228,0,-5.50E-05,0.0019455,-0.0006407
-0.053,-0.005837,-2.84E-14,-0.000133,-0.0042688,0.0015548
0.0128,-0.017667,-0.003,-3.60E-05,-0.0019678,0.0003428
-0.0198,0.01656,0.002,-0.000302,0.0008209,0.0030561
0.0263,-0.002076,-0.006,-4.40E-05,0.0047892,-0.0010803
-0.0242,-0.02228,0.001,-7.00E-05,0.0002507,0.0002823
-0.0005,0.020479,-0.002,-1.40E-05,-0.0040087,0.0015813
0.0177,-0.005654,0.017,8.20E-05,-0.0005923,-0.0011832
-0.0472,0.016647,0.007,-0.000169,0.0014432,0.0018076
0.0011,-0.005888,-0.004,-8.90E-05,0.0024192,-1.73E-05
0.044,-0.005962,-0.015,0.00036,-0.0064291,-0.0027655
-0.0187,-0.003491,-0.006,0.000213,-0.0100657,0.0001521
-0.0061,0.007705,0.002,-0.00025,0.0110615,-0.0019605
-0.023,0.005532,0.011,-0.000133,0.0044968,-0.0001521
-0.0259,0.020897,0.006,0.000135,-0.0079585,-0.0013105
0.057,-0.043394,0.002,-0.000103,0.0002204,0.0002065
-0.0221,0.03936,0.004,-8.70E-05,-0.00494006,0.00185508
-0.0183,-0.023471,0.003,-0.000107,0.0057442,-3.99E-05
-0.0224,-0.013548,-0.006,-4.30E-05,0.0022111,0.00067232
-0.0223,0.011005,-0.009,-1.00E-04,-0.00639396,-0.00037905
0.0445,0.001575,0.004,-0.000147,-0.00160448,-0.00048984
-0.061,-0.001901,0.02,0.000238,0.0139726,0.00123667
0.0142,-3.70E-05,0.007,1.60E-05,0.0054101,-2.08E-05
-0.0107,0.000772,-0.004,-7.50E-05,-0.00463745,0.0017191
-0.0323,0.022819,-0.015,-7.00E-06,-0.00572064,0.0012511
0.0332,-0.02951,-0.003,4.70E-05,0.00484535,0.0011499
-0.0109,0.001753,-2.84E-14,-0.000121,0.00637352,-0.0017334
0.0353,-0.005027,0.011,8.10E-05,-0.01113337,0.0009001
-0.0014,0.000333,0.01,5.00E-06,-0.00518521,-0.0004385
0.0014,0.017167,0.004,3.90E-05,0.0050715,0.0018328
-0.0193,-0.016009,0.002,3.10E-05,0.00451336,0.0011418
0.013,0.000675,-0.008,-0.00013,-0.0031377,-0.003296
-0.0003,-0.002917,-0.007,5.00E-06,-0.00293103,-7.67E-05
0.0262,0.009484,-0.003,-5.10E-05,-0.00801357,-0.0003109
-0.0349,-0.013084,0.002,-1.11E-16,0.00172282,0.0017424
-0.0054,-0.002191,0.012,0.000159,0.01157672,0.0005041
-0.0112,0.005728,0.002,9.90E-05,0.0025459,0.0016507
0.0192,0.007324,-0.012,-0.000234,-0.00467315,-0.0034941
-0.0134,0.004649,-0.011,0.000102,-0.00170043,0.0021316
0.0014,-0.014353,-0.003,0.000103,0.00205583,0.0016153
0.0187,0.006833,0.004,-0.000149,0.005345821,-0.0028596
-0.0167,-0.000783,0.002,3.20E-05,-0.004060732,0.00098
-0.0038,-0.001328,-0.004,-4.20E-05,0.000260411,-0.0005674
0.0052,0.010035,-0.002,2.30E-05,-3.84E-05,0.0005221
-0.0174,-0.001724,-0.005,1.20E-05,0.00088448,0.0004852
-0.0007,0.015272,-0.008,0.000163,-0.00563523,0.0017645
0.0264,-0.019586,-0.009,-0.000234,0.00488876,-0.003011
-0.0227,-0.010649,-2.84E-14,-8.00E-06,-0.00019828,-4.00E-06
0.0121,0.012984,-0.109,2.10E-05,-0.0031812,-0.0002892
0.0013,-0.004567,0.002,7.00E-05,-0.0012567,0.0008643
0.009,0.000627,-0.001,0.000106,-0.0031243,0.0012632
0.0031,0.011108,0.001,-9.90E-05,0.00311344,-0.0009333
-0.0113,-0.009131,2.84E-14,7.20E-05,0.00395622,0.0014337
0.0131,-0.017512,-0.001,1.70E-05,-0.00084481,0.0002171
0.0031,-0.003395,0,1.00E-06,-0.00325807,-0.0003692
0.0042,0.008223,0.002,0.00014,-0.004025761,0.0021108
-0.0309,0.019744,-0.003,0.000124,0.004302312,0.0025468
0.0036,-0.020034,0.001,3.10E-05,0.003469962,0.0010446
0.0279,0.007549,0.001,-7.50E-05,0.001831204,-0.0006279
-0.0335,-0.015023,-0.003,-3.90E-05,0.004393333,0.0011064
0.0682,0.043295,0.003,-3.90E-05,-0.00956183,-0.0021908
-0.0199,-0.021801,2.84E-14,5.60E-05,-3.44E-05,0.0026272
-0.0114,0.010499,0.001,-6.80E-05,0.00389086,0.0008034
-0.022,-0.016085,0.003,-6.90E-05,-0.00035198,-0.000551
0.0683,-0.009932,-0.063,-2.70E-05,-0.0025871,-0.00070096
-0.0568,0.008477,-0.001,-2.30E-05,-0.00213132,0.000909211
0.0739,0.010829,-2.84E-14,-2.60E-05,-0.006535275,-0.002968902
-0.028,-0.016542,-0.011,-9.50E-05,0.00358792,0.001520811
0.0122,0.022051,0.002,4.00E-05,0.006224065,-0.00356366
-0.0108,-0.010569,-0.002,2.90E-05,0.00285825,-0.0015407
0.0805,0.039467,0.003,6.40E-05,-0.00292155,-0.00633653
-0.088,-0.03178,0.01,-6.00E-05,-0.00060061,0.00480493
-0.0186,-0.003001,0.008,-2.10E-05,0.002286268,0.00255083
0.0209,-0.0114,-0.006,-1.10E-05,0.005838974,-0.00204403
-0.0178,0.005628,-0.001,-1.40E-05,-0.003031402,-0.00058842
0.0232,0.001484,0.004,8.00E-05,-0.00634442,-0.00184011
0.0083,-0.004626,0.007,2.70E-05,-0.00433825,-0.00149916
-0.0185,-0.01123,0.014,-7.40E-05,0.00752277,-0.00108107
-0.0247,0.013591,0.011,-7.90E-05,0.00524431,0.00107049
0.0194,0.000974,0.007,0.000104,-0.01203409,-0.00058196
0.0009,0.003398,-2.84E-14,-4.20E-05,-0.00236505,-5.37E-06
0.0076,-0.001045,-0.011,-5.80E-05,0.00588573,-8.63E-05
-0.0327,0.005363,-0.01,3.20E-05,0.00571464,0.0026352
0.011,0.001046,-0.019,-2.90E-05,-0.00488179,-0.0013785
0.002,-0.001651,0.002,2.80E-05,-0.00764398,0.0018987
0.0015,0.000175,0.026,-5.40E-05,0.00029194,0.0005355
0.0119,0.006569,0.006,-8.90E-05,0.00155737,-0.0018263
-0.0187,-0.008866,-0.006,0.000109,0.0044426,0.0015503
0.0047,0.000931,0.001,-9.00E-06,-0.0001995,6.63E-05
-0.0066,-0.004496,-0.007,-8.60E-05,-0.0030839,0.0002229
0.0028,-0.000953,0.011,-0.000145,-0.0031675,5.26E-05
-0.0055,0.000968,-0.001,0.000253,0.0072749,0.0003113
-0.0114,-0.002319,0.006,5.10E-05,0.001029,0.0003189
-0.0025,0.001093,-0.009,-1.90E-05,-0.0004711,1.20E-05
0.0093,0.007483,0,-6.60E-05,-0.0012637,-0.0003622
-0.0057,0.001552,-0.011,-6.80E-05,-0.0019854,0.0007414
0.0072,-0.012929,-0.005,0.00012,0.0029965,-0.0003038
0.0046,-0.003831,-0.004,0.000156,0.0032514,0.0001122
0.0012,0.005657,-0.004,-3.40E-05,-0.0003495,-0.000363
0.0014,-0.010444,-0.001,-0.00016,-0.0039728,0.0004252
-0.0239,0.013167,-0.008,-5.90E-05,-0.0009219,-0.0002706
0.014,-0.014998,-0.028,0.000237,0.0047293,0.000375
0.0196,0.0124,-0.011,-0.000113,-0.0015928,-0.0009721
-0.0333,0.006393,-0.013,-0.000126,-0.0022264,-0.000456
0.0296,-0.008025,-0.027,-0.000369,-0.0037908,-0.0036847
-0.013,0.004895,-0.022,-0.000141,0.0013671,-0.0030549
-0.0018,-0.009306,-0.018,-0.000101,0.0026586,-0.0027973
-0.0194,0.003738,-0.01,-0.000312,0.0008919,-0.0031237
-0.0027,0.001652,-0.006,-0.00062,0.0008945,-0.0049259
-0.0016,-0.005473,-0.007,-0.000846,-0.0019278,-0.0029805
-0.041,0.00931,-0.004,-0.000586,0.0038508,-0.0023082
-0.0016,0.010016,-0.004,-0.001592,-0.003525,-0.004372
-0.0195,-0.017062,-0.021,-0.00169,9.23E-05,-0.003988
-0.0477,-0.003567,-0.014,-0.001202,0.0060648,-0.001839
-0.0201,0.002542,-0.035,-0.002075,0.0023202,-0.003086
-0.0193,0.01591,0.005,-0.003011,-0.000726,-0.003999
-0.0024,-0.01014,-0.004,-0.003712,0.0006506,-0.004298
-0.0444,0.00298,-0.056,-0.001956,0.0036945,0.001253
-0.0197,-0.00541,0,-0.004013,0.0048531,-0.002685
-0.0021,0.01675,-0.007,-0.004183,0.00074014,-0.001279
-0.0039,0.00246,-0.04,-0.003614,-0.00406728,0.00044
-0.005,-0.0061,0.014,-0.00548,-0.00339926,-0.001813
-0.0551,0.01454,-0.05,-0.000755,-0.0013524,0.004953
0.0025,0.00383,-0.026,-0.001442,0.0010593,0.003463
-0.033,0.024937,-0.028,-0.001246,0.0016685,0.003358
0.0028,-0.028826,-0.008,-0.002611,-0.0010092,0.00176
-0.0015,0.004958,-0.04,-0.001147,-0.0037263,0.002777
-0.0151,-0.00202,-0.016,-0.00257,-0.0002772,0.001865
0.0092,-0.012358,0.007,-0.00282,-0.0071282,0.001374
0.0048,0.033749,-0.015,-0.003144,0.000299,0.002071
-0.0172,-0.019928,-0.013,-0.002446,-0.0024453,0.002532
-0.0333,-0.039323,-0.075,0.001319,0.002311,0.004441
-0.0068,0.050638,0.034,0.000113,0.0028108,0.003566
-0.0226,-0.017053,-0.037,0.002319,0.0001304,0.00375
-0.0159,0.016374,-0.007,0.004028,0.0019357,0.003689
-0.0096,-0.016599,-0.054,0.004981,-0.0035148,0.00283
-0.0126,0.00235,0.012,3.60E-05,0.001345,0.001843
-0.0152,-0.006185,-0.007,0.0058699,-0.0002615,0.002173
0.0013,-0.003559,-0.091,0.0081762,0.0010782,0.001735
-0.0158,0.031955,0.112,0.0014566,0.0002527,0.000793
-0.0084,-0.008134,-0.112,0.00457516,0.0005159,0.000719
-0.0154,0.007435,0.075,0.00146688,0.0006397,0.000473
-0.0131,0.014306,0.003,0.00588506,0.0030933,0.000456
-0.0145,-0.022393,-0.042,0.0037414,-0.0042866,-0.000259
-0.0146,0.018467,0.043,0.0014373,-0.0011262,-5.00E-05
-0.0178,-0.01919,-0.044,0.0048556,-0.0013769,-0.000277
-0.0188,0.009151,0.021,0.0006477,-1.36E-05,-1.90E-05
-0.0169,0.014587,-0.01,0.0013623,0.0013338,3.90E-05
-0.0206,-0.007912,-0.019,0.0018137,-0.0007827,-0.000151
-0.0176,0.001529,-0.015,0.0010307,-0.0006624,-0.000104
-0.0139,0.000812,0.032,-0.0009297,-0.0010407,-2.90E-05
-0.0062,0.003667,-0.009,0.0006496,-0.0008393,-8.90E-05
-0.0199,-0.00261,-0.001,0.0009445,0.0019807,0.000103
-0.0289,0.0067643,-0.004,-0.0010131,0.0020177,0.000193
-0.0164,-0.00300966,-0.021,0.0015339,-0.0001146,-7.30E-05
-0.0305,0.00581322,0.043,-0.00187,-0.0027922,-0.000118
-0.0121,0.00938834,-0.018,0.0020946,-0.0016575,-0.000197
-0.0133,-0.0291302,0.018,-0.0021563,-0.0002476,8.50E-05
-0.0225,0.016887,0.01,0.0001698,0.0029577,0.000191
-0.0084,-0.006254,-0.038,0.0004763,-0.0012516,-9.50E-05
-0.0255,-0.011838,0.026,-0.0016152,-0.0013821,-1.70E-05
0.0024,0.0067,-0.014,0.0020492,0.002751,9.00E-05
-0.0025,0.012631,0.005,-0.0006445,0.0024297,0.000169
0.0098,-0.009817,-0.042,-0.0002713,0.0023059,0.000158
-0.003,0.006192,0.028,-0.001431,-0.0046792,-0.00024
-0.0032,0.035422,0.054,-0.0007397,0.0016801,0.000135
-0.0123,-0.032652,-0.044,-0.0003869,-0.0029125,-0.00017
0.008,-0.006949,-0.001,-0.000501,0.001393,0.000113
-0.0017,0.001452,0.012,-0.0005127,0.00036,5.20E-05
-0.0029,-0.009655,-0.002,-0.0004064,-0.0033249,-0.000178
-0.0025,-0.008454,-0.019,0.0010122,0.0035308,0.000177
0.0086,0.023659,0.017,-0.0014367,0.0007043,0.000124
-0.005,-0.016926,0.025,-0.0002441,0.0003386,5.00E-05
0.0038,0.013407,-0.024,0.0022938,-0.0003622,-0.000144
-0.0189,-0.001819,0.002,0.0005171,0.0037769,0.000222
0.0182,-0.004137,-0.033,-2.71E-05,-0.0013627,-7.20E-05
-0.0097,0.01546,-0.003,0.0007809,-0.0008994,-0.000103
0.005,-0.01816,0.036,0.0007114,-0.0015004,-0.000151
0.0081,0.01654,-0.037,0.0016402,0.000386,-6.90E-05
0.0031,-0.01108,-0.001,0.0001575,-0.0027568,-0.000213
0.0015,0.00344,0.012,-2.68E-05,0.0008189,6.80E-05
0.0023,0.00405,0.005,-0.0001842,-0.0009976,-5.80E-05
0.0113,-0.00241,-0.011,-0.0001344,-0.0027026,-0.000176
-0.0035,-0.00774,0.02,0.0005207,-0.0015694,-0.000103
0.0116,-0.01783,-0.004,0.000208,0.0047638,0.000312
-0.0038,0.01746,0.014,-0.0008568,0.0021164,0.000174
0.0104,-0.00146,-0.008,-0.0008995,-0.0044309,-0.000227
-0.0013,0.00452,-0.028,7.10E-05,0.0017742,0.000109
0.0043,-0.02114,0.036,-0.0014812,0.004222,0.000312
0.0036,0.01056,-2.84E-14,-0.0017772,-0.0005157,5.50E-05
0.0064,-0.00427,0.012,3.62E-05,-0.0011117,-6.10E-05
0.0078,-0.02159,-0.011,-0.0007504,-0.0001692,3.40E-05
0.0029,0.03116,-0.004,-0.0006196,0.0003182,6.60E-05
0.004,0.00061,-0.013,-0.0007998,-0.0003666,4.00E-05
-0.0036,-0.01914,-0.015,-0.0002064,-0.0013542,-5.50E-05
0.009,0.0229,-0.007,5.41E-05,0.0029151,0.000213
0.0007,-0.01224,-0.003,-0.0001261,8.80E-06,3.70E-05
0.0056,0.00979,0.002,0.0004314,8.14E-05,1.00E-06
0.0074,0.00272,0.001,0.0003409,0.0008837,6.40E-05
0.0093,-0.01072,-0.045,0.0021909,0.0006695,-0.00011
0.0059,0.01281,0.037,-0.0003346,0.000727,0.000111
0.014,0.00876,-0.034,0.0013777,0.0004578,-5.60E-05
0.00769,-0.00476,0.023,0.0003515,-0.0012682,-0.000122
0.00696,0.00638,0.021,-0.0001384,-0.0007741,-4.80E-05
0.01726,-0.019,-0.026,0.0018351,-0.0006926,-0.000224
0.01873,0.01926,-0.002,-0.000589,0.0001577,7.60E-05
0.01351,0.0009,0.016,0.0002853,0.0001486,-3.00E-06
0.01128,-0.00987,0.023,-0.0001359,-0.003057,-0.000302
0.01511,-0.00016,-0.011,0.0014559,0.00105,-1.40E-05
0.01206,0.00691,0.015,0.000641,0.000468,2.00E-06
0.01956,-0.00594,-0.011,-2.96E-05,0.000557,7.30E-05
0.01079,0.00187,0.013,0.0002803,-0.001497,-0.000174
0.02233,-0.01645,-0.057,0.0019247,-0.002273,-0.000369
0.00647,0.00629,0.049,-0.0023712,-0.000198,0.000167
0.01541,-0.00284,-0.005,0.0007533,0.0029,0.00026
0.016923,-0.00871,-0.01,0.0008312,-0.00039,-7.70E-05
0.01785,0.00449,0.015,-0.0001995,0.000955,0.000129
0.017477,0.00608,0.035,0.0002981,-0.00205,-0.000214
0.014204,-0.00267,-0.008,0.0003654,-0.000189,-1.70E-05
0.018696,-1.00E-05,0.023,-0.0007097,0.000263,8.10E-05
0.01457,-0.01171,0.013,-0.0005253,-0.000748,-4.00E-05
0.02187,-0.0027,-0.074,0.0027734,0.001473,6.90E-05
0.01317,0.01453,0.005,-0.0006161,-0.0005871,-3.00E-06
0.01467,-0.02323,0.067,-7.73E-05,-0.0005944,-2.60E-05
0.01979,0.02784,-0.021,0.0001363,1.90E-05,3.20E-05
0.01531,0.00299,0.004,8.96E-05,-6.53E-05,2.80E-05
0.01751,-0.02798,0.024,1.96E-05,-0.0009023,-5.10E-05
0.02314,0.01675,-0.058,0.00257835,0.0001106,5.70E-05
0.01059,-0.01282,0.028,-0.00207206,0.0008717,0.000129
0.02054,-0.00129,0.044,-0.00124535,0.0004835,6.50E-05
0.02211,-0.01045,-0.019,7.04E-05,0.0002805,5.30E-05
0.02175,-0.00556,-0.027,-0.0001147,6.69E-05,2.90E-05
0.02764,0.00871,0.039,-0.0010596,-0.0001052,-1.60E-05
0.03134,0.01382,0.032,-0.0023482,-0.0013925,-0.000183
0.03655,-0.00238,0.007,-0.000646,0.0003141,1.10E-05
0.01378,-0.03891,-0.044,0.0016837,-0.000233,4.20E-05
0.02223,0.0165,-0.003,-0.0007021,0.001649,0.00012
0.14743,-0.00566,-0.012,-0.0019488,0.0001185,-6.00E-05
0,0,0,0,0,0
0,0,0,0,0,0
0,0,0,0,0,0
0,0,0,0,0,0
0,0,0,0,0,0
0,0,0,0,0,0
0,0,0,0,0,0
0,0,0,0,0,0
0,0,0,0,0,0
0,0,0,0,0,0
0,0,0,0,0,0
0,0,0,0,0,0
0,0,0,0,0,0
0,0,0,0,0,0
0,0,0,0,0,0
0,0,0,0,0,0
0,0,0,0,0,0
0,0,0,0,0,0
0,0,0,0,0,0
0,0,0,0,0,0
0,0,0,0,0,0
0,0,0,0,0,0
0,0,0,0,0,0
0,0,0,0,0,0
0,0,0,0,0,0
0,0,0,0,0,0
-0.11555,0.0152,0.027,0.0019974,-0.0007392,1.50E-05
-0.0231,-0.00611,-0.02,0.0035668,0.0001877,0.000173
-0.01753,0.00561,0.014,0.0019868,0.0005201,0.000176
-0.01396,0.03238,-0.046,0.0032246,-0.0011633,0.000162
-0.02301,-0.02167,0.026,0.0021608,0.0026294,0.000495
-0.01176,-0.01446,0.041,2.02E-05,-0.0003653,0.000143
-0.01029,0.00769,0.018,0.0020546,-0.0009305,0.000307
-0.02286,-0.00743,-0.022,0.0047778,-0.0010567,0.000725
-0.00922,-0.0013,0.018,0.002708,0.0013374,0.000913
-0.00774,0.00407,-0.008,0.001824,0.0005579,0.000889
0.01908,0.0011,0.075,-0.000904,-0.004526,5.70E-05
-0.02406,0.01634,-0.017,0.005487,0.0006037,0.001884
-0.01529,-0.004,-0.007,0.004512,-0.0014615,0.001986
0.01269,-0.01478,0.038,0.000946,-0.0014485,0.001439
-0.0226,0.01434,0.003,0.004811,0.0025698,0.003222
0.026,-0.02468,0.045,-0.000689,0.0017063,0.001674
-0.021,0.00752,0.007,0.003369,0.0034214,0.003597
0.0035,0.00432,0.019,0.002525,-0.0014742,0.003505
0.04,-0.00308,0.031,-0.000364,-0.0054041,0.002203
-0.0406,0.00552,-0.003,0.003407,-0.0018648,0.005092
0.0009,0.01281,0.015,0.000657,-0.0019096,0.004249
0.0247,-0.00501,-0.011,0.000505,0.0037762,0.005126
-0.0025,0.00172,0.055,-0.001546,0.0003699,0.003831
0.0458,-0.02648,0.004,-0.002028,0.0067508,0.003999
-0.0189,0.00541,0.056,-0.001368,-0.0036938,0.00466
-0.014,0.02938,0.012,-0.003422,-0.0047915,0.002617
0.0501,-0.01611,-0.004,-0.004778,-0.0027362,0.000642
-0.0086,0.01451,0.064,-0.005157,-8.36E-05,-0.000734
0.0356,-0.00359,0.026,-0.004712,0.00230495,-0.001148
0.0414,0.01196,-0.009,-0.004545,0.00057134,-0.002326
-0.0019,-0.01088,0.046,-0.003819,0.00326826,-0.002254
0.0122,0.0069,-0.001,-0.003368,-0.00044162,-0.002553
0.0078,-0.00652,0.05,-0.003153,-0.00046555,-0.003722
-0.0013,0.01825,0.018,-0.002701,-0.00017028,-0.004303
0.0123,-0.01828,0.004,-0.00234,0.0003038,-0.005487
0.0258,0.0097,0.044,-0.001726,-0.0010565,-0.004858
0.048,-0.01248,0,-0.001429,0.0003883,-0.00607
-0.0609,0.01702,0.016,-0.000648,0.0012456,-0.0025182
0.0287,-0.03058,0.026,-0.000619,0.0036567,-0.0049097
-0.0029,0.01512,0.015,-0.000421,-0.0010342,-0.0028783
0.0084,0.00139,0.014,-0.000202,-0.0001546,-0.0013927
0.0241,0.00102,0.019,-0.000294,-0.0018855,-0.0024179
-0.0669,-0.00952,0.01,3.00E-06,0.0016119,-0.0002807
0.059,0.01645,0.018,-0.000201,0.000627,-0.0036381
-0.0128,0.01388,0.018,-4.00E-06,0.0003049,-0.000206
-0.0166,-0.0423,0.019,-1.10E-05,-0.0008398,0.0005631
0.0284,0.01861,0.019,-9.50E-05,-0.0004229,-0.0014679
-0.0266,0.00522,0.01,-1.30E-05,0.00079,-0.0009186
0.0052,0.02146,0.014,-0.000144,-0.0009424,-0.0021123
-0.0127,-0.01084,0.012,3.00E-05,0.0005717,0.0002015
0.0228,-0.01005,0.012,0.000127,0.0025773,0.0002733
-0.0837,-0.01556,0.01,0.000242,0.0004806,0.0043458
0.077,0.01801,0.023,-0.000169,-1.00E-06,-0.0032266
-0.0507,0.01235,0.015,2.80E-05,-0.0018094,0.0020893
-0.0267,-0.00423,0.007,-5.00E-05,-0.0017947,0.0005506
0.0913,0.01001,0.019,-0.000149,-0.0001933,-0.0029652
-0.0322,-0.02148,0.005,-6.00E-05,-0.0011769,-7.54E-05
0.0194,0.01423,0.009,-1.40E-05,0.0005268,-0.0006445
-0.0285,-0.0002,0.009,7.50E-05,0.0006634,0.0010195
-0.0144,-0.01083,0.013,3.50E-05,0.0013821,-0.0006658
0.0165,-0.0098,0.021,0.00012,0.0006394,0.0017895
0.038,0.02567,0.012,-5.30E-05,0.0021169,-0.0031092
-0.0116,-0.00263,0.013,4.60E-05,-0.0013245,0.0022407
0.0107,0.00726,0.017,-0.000186,-0.0023063,-0.0015067
-0.0293,-0.02913,0.004,0.000238,0.0006889,0.0039995
-0.0226,0.04302,-0.006,-0.000337,-0.0041673,-0.0024397
-0.012,0.00386,0.006,-1.80E-05,0.0003425,-0.0003387
0.0804,-8.00E-05,0.011,1.90E-05,0.0028722,-0.0025501
-0.0699,-0.0414,0.01,0.000247,0.0005117,0.0041777
0.1295,0.03289,0.008,-0.000271,0.0011767,-0.0062741
-0.1221,-0.02489,0.009,6.80E-05,-0.0027819,0.0043446
0.0174,-0.00856,0.006,0.000183,0.0037557,-0.0007592
0.018,0.0274,-0.001,-0.000202,-0.0023088,-0.000957
0.0149,0.00956,-0.003,-0.000143,-0.0014261,-0.0007033
-0.0226,-0.02612,0.003,0.000287,0.0034829,0.0011161
0.0206,-0.00336,0.008,-3.70E-05,-0.0004821,-2.87E-05
-0.0708,-0.00119,0.002,0.000174,0.0022242,0.0006016
-0.0291,0.00543,-0.002,8.50E-05,-0.0008583,0.002045
0.0347,-0.00793,0.004,-9.10E-05,0.0002324,-0.0014434
0.0028,0.03377,-0.007,-0.000205,-0.0022357,-0.001089
0.0274,-0.02949,-0.001,0.00025,0.0033128,0.0009804
-0.0149,-0.01103,-0.008,-9.40E-05,-0.0026969,0.0007753
-0.0868,0.03121,-0.016,-2.80E-05,-0.0035778,0.0023198
0.1166,-0.03518,0.008,5.50E-05,0.0050218,-0.0030939
-0.066,0.02874,-0.006,-0.000226,-0.0051307,0.0008594
0.0463,0.00242,0.001,-0.000194,-9.30E-06,-0.0025407
0.0216,-0.01155,0.001,0.000416,0.0038095,0.0026137
-0.0281,-0.0109,-0.003,0.000172,0.0022369,0.0005779
0.0023,0.00097,-0.006,-9.70E-05,-0.0015547,-4.25E-05
-0.0294,0.00186,-0.004,0.000135,0.0011715,0.0010352
0.0277,0.00867,0.002,-0.0002,-0.0018146,-0.0013873
-0.0128,-0.02076,0.004,6.30E-05,0.0008375,0.0002869
0.0202,0.0236,-0.001,-7.00E-06,8.64E-05,-0.0001412
-0.0257,0.0049,-0.011,1.80E-05,0.0003704,4.77E-05
0.0412,-0.00465,0.004,-8.50E-05,0.0014215,-0.0021158
-0.0902,0.02754,-0.009,0.000165,-0.0027547,0.0042458
-0.025,-0.05449,-0.002,0.000171,0.0025153,0.001107
0.0734,0.01188,0.01,-0.000235,-0.0002163,-0.0032834
0.0582,0.01849,0.003,-0.000158,-0.0026816,-0.0007956
-0.0902,-0.03046,0.002,0.000165,-0.0001985,0.0027455
0.0669,0.02565,0.005,-0.000171,-0.0009136,-0.0021658
-0.0071,-0.00135,0.001,3.50E-05,0.0013916,-0.0002937
-0.0442,-0.00662,0,0.00016,0.0004938,0.002322
0.0114,0.02736,0.002,-0.000172,-0.0033159,-0.000653
0.0389,-0.03845,0.013,0.000106,0.0020664,0.0004901
-0.0015,0.0078,0.003,2.00E-05,-6.62E-05,0.0005131
0.0064,0.01459,0.004,-0.00014,-0.0005694,-0.0021239
0.0958,-0.03692,0.01,2.30E-05,0.0034287,-0.0021843
-0.076,0.0259,0.001,-7.30E-05,-0.0044882,0.0020458
0.0031,-0.01,0,0.000195,0.0042882,0.0003843
0.0212,0.01634,0.012,-0.000287,-0.0036125,-0.0025981
-0.055,-0.00432,0.004,3.80E-05,-0.0010175,0.0015031
0.0073,-0.00344,0.004,0.000119,0.0023735,0.0003842
-0.0155,-0.0093,0.001,4.20E-05,0.0002898,0.0005222
0.0222,0.00709,-0.001,1.10E-05,0.0003007,-5.90E-06
-0.0228,0.01062,-0.002,8.10E-05,0.0012893,0.0005233
0.0338,-0.00101,-0.004,-0.000203,-0.0034726,-0.0011192
-0.0209,0.00331,-0.005,-5.80E-05,-0.0009749,-0.0002524
0.0475,-0.0109,-0.001,9.40E-05,0.0021145,8.83E-05
-0.0364,-0.01149,-0.001,-0.0002,-0.0028247,-0.0012414
-0.0237,0.01877,-0.002,0.000146,0.0019693,0.0010617
-0.0402,-0.00477,-0.002,-0.000125,-0.0029153,0.0004747
0.0922,-0.00396,0.007,6.00E-06,0.0017782,-0.0013329
-0.0261,0.02067,-0.006,-5.10E-05,-0.0007661,2.88E-05
-0.0601,-0.01802,-0.015,6.20E-05,0.0001184,0.0011079
0.0538,0.0166,-0.001,-6.20E-05,-0.0001952,-0.0006832
0.0202,-0.01786,0.002,0.000152,0.0024906,-4.23E-05
-0.0178,0.0026,-0.016,6.00E-05,0.0004244,0.0005108
-0.0497,0.00162,-0.012,-0.000262,-0.0031996,-0.0006688
0.0276,-0.00148,-0.008,0.000173,0.0017323,0.0009564
0.0173,0.0005,-0.006,-6.30E-05,-7.86E-05,-0.0008579
-0.0746,0.01577,-0.019,0.000145,0.0007929,0.0014169
0.0927,-0.01881,0.001,-0.000261,-0.0015575,-0.0021977
0.029,0.00906,-0.007,0.000232,0.0028843,0.0002161
-0.0786,-0.01469,-0.013,6.50E-05,0.0002911,0.0006733
0.0352,0.01078,-0.011,-8.50E-05,-0.0006307,-0.0005327
-0.0072,-0.00574,-0.011,0.000111,0.0009149,0.0006236
-0.0322,0.00385,-0.013,1.00E-06,-0.0003614,0.0004188
0.0882,0.00083,-0.008,-2.70E-05,0.0013502,-0.0018014
-0.0622,0.0009,-0.014,0.000111,-1.64E-05,0.0016537
0.0149,-0.00953,-0.019,-3.90E-05,-0.0004707,-3.50E-05
0.1476,-0.02614,-0.017,-0.000448,-0.0008891,-0.0050727
-0.156,0.01328,-0.01,0.000477,-0.0007896,0.0070197
0.0007,0.00847,-0.02,7.10E-05,0.0007339,0.000274
-0.0032,-0.00092,-0.018,-9.40E-05,-0.0020021,0.0007084
0.0035,0.00702,-0.022,-0.000146,-0.0005688,-0.0013432
0.0237,-0.00214,-0.022,0.000102,0.0015605,-0.0001332
-0.0102,-0.00695,-0.013,-0.000189,-0.0029247,0.0005253
-0.0249,0.01303,-0.033,0.000266,0.0025595,0.0011114
-0.0281,-0.02918,-0.025,0.000261,0.0022658,0.0014064
0.0478,0.01184,-0.021,-0.000263,-0.0015774,-0.00206
0.035,0.00143,-0.026,7.50E-05,0.001348,-0.0004529
-0.0421,-0.00985,-0.027,-1.10E-05,-0.0006052,0.0006807
0.0347,0.01075,-0.016,-3.90E-05,0.0002272,-0.0009502
-0.0439,-0.00332,-0.024,-1.40E-05,-0.0005286,0.0005395
0.1799,0.0208,-0.025,-0.000328,0.0005994,-0.0066732
-0.1576,-0.02995,-0.015,0.000202,-0.0009208,0.0048315
0.0468,0.01218,-0.021,-0.000125,0.0005203,-0.0027375
-0.0686,0.00887,-0.035,6.30E-05,0.0016239,-0.0007354
0.0357,-0.01844,-0.017,-0.000161,-0.0001919,-0.0018842
-0.05,-0.0559,-0.025,-0.000277,-0.0009931,-0.0022274
0.013,0.0573,-0.01,-0.0004,-0.000226,-0.0036694
-0.0384,0.02385,-0.02,-0.000297,0.0010346,-0.002304
0.0604,-0.0287,0.002,-0.000745,0.0013441,-0.0053261
-0.0448,0.00152,-0.002,-0.00065,0.0008952,-0.002291
0.0233,0.01453,0.005,-0.001231,0.0003187,-0.00452
-0.0226,-0.01242,-0.022,-0.001671,-0.0032088,-0.003865
-0.0393,-0.00246,0.005,-0.001914,0.0003525,-0.004198
-0.0052,-0.00349,-0.001,-0.002503,0.001822,-0.004838
-0.0358,0.00756,-0.052,-0.002131,0.0032604,-0.001849
0.0304,0.01159,0.04,-0.00328,0.0008163,-0.003584
-0.0835,-0.0108,-0.036,-0.001726,-0.0010995,0.001718
0.055,-0.00273,-0.022,-0.004162,-0.0027011,-0.003458
-0.0722,0.00197,0.006,-0.002185,0.0042352,0.001134
-0.027,0.00474,-0.006,-0.004282,0.0036983,-0.001987
0.0676,-0.01231,-0.002,-0.005494,0.00219003,-0.002378
-0.141,0.01899,-0.036,-0.000202,-0.00400816,0.00551
0.0669,0.00858,0.071,-0.008366,-0.00380207,-0.004684
-0.0798,-0.00502,-0.147,0.000513,-0.0030862,0.006084
-0.0209,0.00743,0.074,-0.006199,0.0017847,-0.000657
-0.0149,0.00676,-0.091,-0.000752,0.0011572,0.004598
-0.028,-0.00602,0.044,-0.00802,-0.0018489,-0.000754
-0.037,0.00586,-0.053,-0.001609,-0.0008437,0.004432
0.0133,-0.01699,-0.049,-0.002269,0.0060776,0.004238
-0.0579,-0.00956,-0.051,-0.001095,-0.0012401,0.004446
0.0027,0.01115,0.017,-0.005699,-0.0053801,0.002569
-0.0002,0.01426,-0.05,0.001609,-0.0057638,0.005211
-0.0352,0.00215,-0.003,0.000411,0.0091845,0.005229
-0.0192,-0.01897,-0.043,0.004507,0.0091537,0.005531
-0.0056,-0.00061,-0.066,0.0097334,0.0025729,0.004657
-0.0053,0.02672,-0.01,0.00499161,0.0015457,0.003093
-0.0105,-0.0023,-0.008,0.00701998,-0.0088173,0.001133
-0.0168,0.0198,-0.001,0.00879141,-0.004931,0.00042
-0.0093,-0.0373,-0.035,0.0086394,-0.003926,-0.000311
-0.0035,0.0275,-0.007,0.0067678,0.003757,0.000282
-0.0024,-0.0133,0.004,0.0053302,-0.001002,-0.00047
-0.0003,0.0239,0.002,0.0046912,0.001608,-0.000192
-0.0078,0.0143,-0.01,0.002558,-0.00408,-0.000834
-0.0286,-0.0186,0.063,-0.002167,-0.008395,-0.00094
-0.0131,0.0194,-0.046,0.005375,0.003379,-0.000115
-0.0153,-0.0124,0.001,-0.000408,0.000938,0.000184
-0.0044,-0.0015,-0.015,0.000565,0.00437,0.000517
-0.0122,0.0072,0.012,-0.001424,-0.000274,0.000127
-0.0117,-0.0005,-0.001,0.000166,0.001467,0.000186
-0.0135,-0.0064,0.006,0.00378,-0.000603,-0.000486
-0.0161,0.0143,0.045,-0.001085,0.001224,0.000311
-0.0102,0.0054,-0.048,0.0019593,-0.001374,-0.000377
-0.0199,0.0102,-0.004,-0.0004372,-0.002005,-0.000225
-0.015,0.0097,-0.005,0.002098,0.003737,0.000393
-0.0157,-0.0201,0.014,-0.0020651,-0.003337,-0.000283
-0.0146,0.0278,0.003,-0.0012473,8.70E-05,0.000132
-0.013,-0.0222,-0.016,-2.27E-05,-0.00162,-0.000233
-0.0185,0.0301,0.007,0.0005598,-0.002264,-0.00037
-0.0239,0.0019,0.046,-0.0031767,0.003118,0.000707
-0.0071,-0.0137,-0.055,0.0025608,-0.000667,-0.000277
-0.0115,0.0023,0.021,-0.0013451,-0.00181,-0.000167
-0.0048,-0.01,-0.005,0.0005087,0.000742,8.50E-05
-0.0007,0.0177,0.004,0.000737,0.002964,0.000388
-0.0061,-0.0208,-0.022,-0.0008237,-0.000596,-2.70E-05
-0.0071,0.0118,0.025,-0.0008736,-0.001528,-0.000168
-0.0064,-0.0043,0.01,-0.0015504,-0.000757,-1.80E-05
-0.0057,0.007,0.009,-0.0017117,0.001906,0.000375
-0.001,0.0034,-0.015,0.0009929,-0.00078,-0.000169
0.0037,-0.0123,0.002,-0.000305,0.000604,0.000107
0.0023,0.0059,-0.004,0.0001427,0.00239,0.000338
-0.0009,-0.0061,-0.004,-0.0001383,-0.000548,-6.50E-05
0.0049,0.0006,-0.006,0.000559,-0.000438,-9.70E-05
-0.0009,0.0012,0,0.0012843,-0.003248,-0.000565
0.0077,0.004,0.014,-0.0018285,0.00392,0.000701
-0.0056,-0.0014,0.033,-0.0019037,-0.002094,-0.000182
0.0061,0.0069,-0.06,0.0003611,-0.000143,-3.80E-05
-0.0014,-0.0002,0.015,-0.0002965,0.002485,0.000406
-0.002,-0.0103,-0.024,-0.0011714,-0.0018,-0.000172
0.0078,-0.0125,-0.008,-0.0002007,0.000765,0.000153
0.0031,0.0013,-0.019,0.0020055,0.003199,0.000355
0.0096,0.0196,0,0.0009805,-0.001496,-0.000302
0.0016,0.007,-0.003,-0.0002648,-0.003179,-0.000488
-0.0037,0.0087,0.062,-0.0004127,-0.000926,-0.000111
-0.0012,-0.0081,-0.016,0.0004761,0.002113,0.000305
-0.0016,-0.0116,-0.018,0.0009748,0.000293,-3.90E-05
0.005,0.0366,0.024,0.0018792,-0.000725,-0.000292
0.007,-0.0253,-0.024,0.0007056,-2.70E-05,-6.50E-05
-0.0045,-0.01,0.044,0.0008197,0.001344,0.000158
0.006,0.0032,-0.071,0.0025249,0.000433,-0.000123
-0.0034,0.009,0.047,-0.00099,-0.002123,-0.000254
0.0061,0.0006,-0.044,0.0030092,0.001264,2.30E-05
0.0015,-0.0004,0.024,-0.0009711,-0.00121,-9.20E-05
-0.0025,-1.00E-04,0.021,-0.0010158,-0.001285,-0.000123
0.0057,-0.0014,0.033,-0.0008056,-0.000155,4.70E-05
-0.0004,0.0016,0.023,0.000356,-0.000372,-5.90E-05
0.0036,-0.0051,-0.043,1.26E-05,0.000692,0.000143
0.0017,-0.0072,0.016,-0.0021529,-0.003308,-0.00044
0.006,0.0055,-0.019,0.0033176,0.004032,0.000561
-0.0049,0.0052,0.051,-0.0025702,-5.20E-05,0.000103
0.0046,0.0168,-0.001,0.0016986,0.003751,0.00059
-0.0005,-0.018,-0.019,-0.0004164,-0.003305,-0.000512
0.0014,0.0034,0.017,-0.0007625,-0.001387,-0.000196
0.003,-0.0267,-0.015,-0.0003682,-0.002076,-0.000321
0.0135,0.0234,0.003,-0.00053106,0.000942,0.00018
0.0184,-0.0054,0.025,-0.00160506,-0.000742,-9.20E-05
0.0152,-0.0203,-0.009,-0.00116557,-0.001627,-0.000234
0.0173,0.0061,-0.004,0.00126625,0.001506,0.00024
0.0259,-0.0158,-0.065,0.00033523,0.002334,0.000358
0.0168,0.0169,0.076,-0.00144726,0.001655,0.000256
0.0258,0.0176,0.036,-0.00191484,-0.002749,-0.000406
0.0182,-0.0192,-0.017,-0.00142842,-0.000128,-4.00E-06
0.021,-0.0216,-0.045,-0.00016724,0.000648,0.000107
0.029,-0.0154,-0.036,-0.00022623,-0.000597,-7.20E-05
0.0215,0.0022,0.037,-0.0010342,0.001318,0.00022
0.0215,0.0245,0.056,-0.0023054,-0.00023,4.00E-05
0.0164,-0.0415,-0.065,0.0003599,0.000473,1.00E-04
-0.0015,0.01,-0.005,-0.0005222,0.000447,0.000122
0.003,0.0123,0.021,-0.0011849,0.001521,0.000317
-1.42E-14,-0.0101,-0.003,-0.000616,-0.003082,-0.000345
0.0058,0.0116,0.005,0.0019125,0.003733,0.000493
0.0023,-0.0166,-0.014,-0.0006376,-0.000629,0
0.0077,0.0037,-0.023,0.0005696,0.001047,0.000171
0.0003,0.0206,0.043,-0.0008181,-0.002522,-0.000261
-0.0018,-0.0141,0.008,0.0002173,4.10E-05,4.40E-05
0.005,-0.0023,-0.064,0.0017396,5.90E-05,-0.000106
-0.007,0.0093,0.011,0.0004559,0.002159,0.000316
-0.003,0.01,-0.011,0.0008817,0.000713,5.20E-05
-0.008,-0.0078,0.015,-0.000953,-0.003261,-0.000384
0.003,-0.0115,-0.083,0.005028,-0.000339,-0.000598
-0.017,0.0352,0.113,-0.003786,0.002252,0.000784
-0.004,-0.0145,-0.043,0.000771,0.004587,0.000678
-0.007,0.0188,0.051,-0.001527,-0.00348,-0.000353
-0.005,-0.024,-0.081,0.005566,-0.002491,-0.001091
-0.012,0.0102,0.028,-0.001977,-0.002534,-0.000184
0.002,-0.0309,-0.099,0.003595,0.003931,0.000221
-0.027,0.0518,0.095,-0.002787,-0.001839,3.20E-05
-0.012,-0.0333,-0.015,-0.001679,0.004179,0.000921
-0.023,0.0332,0.009,0.002533,-0.003319,-0.000876
-0.007,-0.0095,-0.038,0.002658,0.00318,0.000243
-0.009,-0.0154,0.001,-0.00104,-0.001993,-0.000214
-0.01,0.0093,0.044,0.000974,0.001706,0.000211
-0.002,0.0203,-0.004,0.000508,-0.003665,-0.000715
-0.018,0.0179,-0.026,0.000248,0.000915,0.000157
-0.039,0.0097,0.016,-0.000211,-0.004025,-0.000705
-0.02,-0.0172,-0.032,0.0014136,0.001983,0.000243
-0.008,-0.0035,0.029,-0.0013396,-0.000965,-2.10E-05
0.004,-0.0205,-0.028,0.000401,0.002159,0.000369
-0.013,0.0275,0.065,-0.001413,1.10E-05,0.00014
-0.017,0.0096,-0.026,0.0014344,0.002289,0.000303
-0.023,0.0239,0.176,-0.0039837,0.003811,0.001054
-0.028,-0.0112,-0.173,0.0052846,-0.001531,-0.000673
-0.01,-0.0048,-0.005,0.0013076,-0.00213,-0.000457
0.004,0.0238,0.094,-0.0020325,-0.000906,2.00E-06
-0.006,0.0206,-0.035,0.0018794,-0.003471,-0.00077
-0.012,0.0106,-0.002,-0.0003896,-0.004136,-0.000726
-0.03,-0.0115,0.033,-4.47E-05,0.002399,0.000524
-0.024,-0.0226,-0.049,0.0003501,-0.000529,-5.80E-05
-0.002,0.0219,0.061,-0.0022324,0.001434,0.00039
-0.003,-0.0329,-0.032,-0.0006484,0.000153,7.10E-05
-0.002,-0.0152,-0.043,-0.0005467,-0.000308,-1.80E-05
-0.008,0.0017,0.038,-0.0020882,0.001288,0.000289
-0.007,0.0104,0.01,-0.0009518,-0.000196,-6.00E-06
-0.003,0.0055,0.008,-0.0012171,8.60E-05,4.70E-05
0.001,0.0014,-0.02,0.0001466,0.003234,0.000547
-0.003,-0.0081,-0.038,0.0010658,0.000901,0.00013
-0.003,0.0108,0.046,-0.0044282,-0.001962,-0.000207
0.005,0.0089,0.001,-0.000305,0.003017,0.000563
0.011,0.0101,0.012,-0.0007686,-0.00258,-0.000399
0.001,-0.0236,-0.053,0.0019608,-0.003464,-0.000676
-0.005,-0.003,0.008,-0.0007386,-0.002767,-0.000424
-0.006,-0.0153,-0.027,0.0002346,0.002021,0.000371
-0.001,-0.0088,0.019,0.0003421,0.001756,0.000296
0.012,-0.0009,-0.021,0.0014552,0.003822,0.000566
0.018,0.0228,-0.047,0.0049534,0.005425,0.000664
-0.003,-0.0144,0.045,-0.0058159,-0.003824,-0.0003
-0.002,-0.0344,-0.04,0.0030664,-0.00528,-0.001125
0.004,0.0472,0.048,-0.0022053,0.001186,0.000347
0.002,0.016,-0.005,0.0006444,0.001786,0.000287
-0.008,-0.0292,0.018,-0.0029307,-0.007531,-0.001153
0.007,0.0104,-0.029,0.0010801,0.00514,0.000863
-0.003,-0.0098,0.008,-0.0002469,-0.000297,-2.10E-05
0.014,-0.0132,-0.044,0.0003406,0.002054,0.000345
0.005,0.0039,0.025,0.0004552,0.001728,0.000282
0,0.016,0.012,4.33E-05,-0.00052,-8.20E-05
-0.001,0.0081,5.68E-14,0.0010504,-0.003491,-0.000709
-0.004,-0.0066,-0.01,-0.0010796,-0.001046,-8.70E-05
0.004,-0.0025,-0.011,0.001542,0.001243,9.10E-05
0.002,-0.0159,0.013,-0.000372,-0.001525,-0.000228
0.001,0.0017,0.014,-0.0003885,0.001283,0.000265
0.007,0.0055,-0.012,0.0013751,0.003122,0.000414
0.007,-0.007,-0.007,0.0011097,0.000708,2.40E-05
0.002,0.0055,-0.012,0.0012176,0.001435,0.000154
0.008,0.0123,-0.002,-0.0008714,-0.00127,-0.000136
0.005,0.0057,0.005,0.0003735,-0.004302,-0.000818
-0.005,-0.0369,0.063,-0.0026731,0.000396,0.000315
0.008,0.0286,-0.06,0.0026027,-0.000153,-0.000261
-0.006,-0.0238,0.032,-0.0014166,-0.000115,0.000109
0.005,0.0042,-0.021,0.0010207,-7.00E-05,-0.000102
0.015,-0.0029,-0.013,0.0010399,0.001118,0.000107
0.01,-0.005,0.009,-0.000603,0.000846,0.000205
0.007,-0.0013,0.02,-0.0012502,-0.000985,-6.50E-05
0.017,0.0031,-0.013,-0.0002169,0.000903,0.000178
0.018,0.0088,-0.021,0.0026154,0.001226,-7.00E-06
0.004,0.0062,0.054,-0.0019908,0.000513,0.000267
0.016,-0.0095,-0.009,-0.0005262,-0.003572,-0.000597
0.034,-0.0263,-0.067,0.0027507,-0.003327,-0.00081
0.018,0.0159,0.048,-0.0008307,0.003475,0.000689
0.022,-0.0229,-0.04,0.0006959,-0.0006,-0.000151
0.005,-0.0008,0.037,-0.0030736,-0.002475,-0.000169
0.011,0.0067,0.033,-0.0013599,-0.0015,-0.000112
0.032,-0.0247,-0.028,0.0011258,0.006591,0.000983
0.025,0.0003,0.021,-0.0008305,-0.000425,1.00E-06
0.032,0.0005,-0.035,-0.0010716,0.002965,0.000577
0.014,0.0058,0.018,0.0010668,-0.002388,-0.000472
0.014,0.0126,0.029,-0.0026551,0.003576,0.000845
0.008,-0.0153,-0.027,0.0005493,-0.00177,-0.000319
0.015,-0.0119,0.002,-0.0021225,-0.001293,1.10E-05
0.013,0.008,-0.004,-2.16E-05,-0.001376,-0.0002
0.02,-0.0103,-0.019,-0.000561,5.00E-06,0.000103
0.007,0.0104,0.019,-0.006056,-0.000411,0.000729
0.015,0.0034,-0.019,-0.003583,0.000219,0.000716
0.005,-0.0262,-0.011,-0.006013,0.001597,0.001547
0.004,0.0119,-0.006,-0.003596,-0.000791,0.001083
0.007,0.0033,0.017,-0.006599,0.001417,0.002473
0.01,-0.0046,-0.059,-0.002864,0.001004,0.002119
0.04,0.0155,-0.082,0.000721,-0.001738,0.000869
-0.007,-0.0122,0.033,-0.00815,-0.000582,0.00419
0.02,-0.007,-0.044,-0.002649,-0.000287,0.003279
0.014,0.0006,-0.016,-0.002522,0.00027,0.003933
0.016,-0.0174,-0.025,-2.00E-05,0.001131,0.00345
0.005,0.0378,0.012,-0.003122,-0.002487,0.00493
0.023,-0.0292,-0.028,0.000257,0.003593,0.005027
0.028,0.0205,-0.061,0.0011,-0.000988,0.003873
0.012,-0.0426,0.011,-0.0013,0.001162,0.007119
0.044,0.0193,-0.037,0.003218,-0.004407,0.002332
-0.003,0.013,-0.054,0.002336,-0.002099,0.003968
0.062,-0.0016,0.003,0.00431,0.002295,0.003101
0.016,0.0385,-0.068,0.004868,0.004684,0.003002
0.049,-0.0386,0.029,0.003406,-0.005894,0.001438
0.023,-0.0016,-0.017,0.003734,-0.001744,0.002528
0.016,0.0132,-0.077,0.004505,-0.004791,-0.00095
0.068,0.0094,0.04,0.005742,0.001058,-0.003387
-0.004,-0.0129,-0.016,0.004262,0.000752,-0.001146
0.023,0.0063,-0.054,0.004979,0.00437,-0.004946
0.04,-0.0058,0.024,0.004211,0.004956,-0.0060153
0.002,0.0005,-0.032,0.002171,-0.00289,-0.0078984
0.026,0.0112,0.002,0.001835,0.000658,-0.0090879
0.004,0.0014,-0.015,0.000447,-0.002925,-0.0077477
0.028,0.0029,-0.008,0.000636,0.001393,-0.00544612
-0.031,-0.0017,-0.003,-0.000135,-0.002599,0.00010534
0.005,0.014,-0.011,-0.000146,-0.002466,-0.00169712
0.016,0.0105,-0.003,0.000419,0.001136,0.000297
0.009,0.02,-0.011,0.000995,0.004748,0.0017128
0.023,-0.0232,-0.022,0.000114,0.000222,-0.0022416
0.008,0.0052,-0.009,-0.000114,-0.000912,-0.002014
-0.005,-0.0041,-0.012,-0.000262,-0.001304,-0.0022588
-0.005,0.016,-0.012,0.000288,0.002892,-0.0017432
0.04,-0.0112,-0.011,3.90E-05,0.002621,-0.003238
0.003,0.0067,-0.01,-0.000363,-0.002145,-0.000813
-0.002,0.0058,-0.017,-0.000279,-0.002278,0.000137
-0.013,-0.0052,-0.015,-5.90E-05,-0.002144,0.001603
0.029,0.0096,-0.012,0.000536,0.004559,-0.000794
-0.019,-0.0123,-0.016,0.00035,0.000164,0.002146
0.028,0.0026,-0.007,-0.000149,0.000175,-0.001514
0.003,-0.001,-0.005,-0.000419,-0.001254,-0.00183
0.024,-0.0102,-0.009,4.00E-05,0.002664,-0.002195
-0.024,0.0131,-0.014,8.90E-05,0.00058,-1.90E-05
0.012,0.0301,-0.011,9.00E-05,0.001481,-0.000879
-0.012,-0.0139,-0.019,-0.0012,-0.006101,-0.002052
0.007,0.0079,-0.01,0.000648,0.004446,-3.10E-05
-0.001,-0.0062,-0.011,-2.00E-06,-4.30E-05,-5.00E-05
0.026,-0.0098,0.001,-4.20E-05,0.00061,-0.000983
-0.022,0.0136,-0.013,-0.000315,-0.001991,-0.000151
0.014,-0.0203,-0.004,0.000377,0.001546,0.000847
-0.036,0.0132,-0.011,-0.000665,-0.003466,-0.000843
0.009,-0.0094,-0.002,0.000101,0.000376,0.000233
-2.84E-14,0.012,-0.001,0.000298,0.001529,0.000353
2.84E-14,-0.0281,-0.003,-0.000216,-0.001413,3.50E-05
-0.004,-0.0049,0.006,0.000449,0.00227,0.000572
-0.002,-0.0034,0.003,-0.000226,-0.001139,-0.000346
-0.03,0.0233,-0.011,-0.000362,-0.002492,0.00034
0.049,-0.0046,0.013,0.000405,0.002648,-0.000257
